{"cameraMode":{"drawMode":0,"name":"Shaded","section":"Shading Mode"},"sceneLighting":true,"audioPlay":false,"sceneViewState":{"m_AlwaysRefresh":false,"showFog":true,"showSkybox":true,"showFlares":true,"showImageEffects":true,"showParticleSystems":true,"showVisualEffectGraphs":true,"m_FxEnabled":true},"in2DMode":false,"pivot":{"x":-6.329172611236572,"y":3.0242714881896974,"z":-0.774944543838501},"rotation":{"x":0.004102564416825771,"y":0.6929568648338318,"z":0.003943223971873522,"w":-0.7209582328796387},"size":5.187636852264404,"orthographic":false}