{"cameraMode":{"drawMode":0,"name":"Shaded","section":"Shading Mode"},"sceneLighting":false,"audioPlay":false,"sceneViewState":{"m_AlwaysRefresh":false,"showFog":true,"showSkybox":false,"showFlares":true,"showImageEffects":true,"showParticleSystems":true,"showVisualEffectGraphs":true,"m_FxEnabled":true},"in2DMode":false,"pivot":{"x":-0.1294248253107071,"y":0.562541127204895,"z":0.23690515756607057},"rotation":{"x":-0.09164948761463165,"y":0.02598426677286625,"z":-0.0023924822453409435,"w":-0.9954522252082825},"size":0.7750227451324463,"orthographic":false}