{"cameraMode":{"drawMode":0,"name":"Shaded","section":"Shading Mode"},"sceneLighting":true,"audioPlay":false,"sceneViewState":{"m_AlwaysRefresh":false,"showFog":true,"showSkybox":true,"showFlares":true,"showImageEffects":true,"showParticleSystems":true,"showVisualEffectGraphs":true,"m_FxEnabled":true},"in2DMode":false,"pivot":{"x":3.4485647678375246,"y":6.6389665603637699,"z":0.7340481281280518},"rotation":{"x":-0.10668128728866577,"y":-0.3171878457069397,"z":0.03593442961573601,"w":-0.9416583776473999},"size":8.251049995422364,"orthographic":false}