{"cameraMode":{"drawMode":0,"name":"Shaded","section":"Shading Mode"},"sceneLighting":true,"audioPlay":false,"sceneViewState":{"m_AlwaysRefresh":false,"showFog":true,"showSkybox":true,"showFlares":true,"showImageEffects":true,"showParticleSystems":true,"showVisualEffectGraphs":true,"m_FxEnabled":true},"in2DMode":false,"pivot":{"x":-0.39445099234580996,"y":6.372159957885742,"z":-0.9816347360610962},"rotation":{"x":-0.0015115266432985664,"y":0.9980933666229248,"z":-0.025763437151908876,"w":-0.056648239493370059},"size":3.0896832942962648,"orthographic":true}