{"cameraMode":{"drawMode":0,"name":"Shaded","section":"Shading Mode"},"sceneLighting":false,"audioPlay":false,"sceneViewState":{"m_AlwaysRefresh":false,"showFog":true,"showSkybox":false,"showFlares":true,"showImageEffects":true,"showParticleSystems":true,"showVisualEffectGraphs":true,"m_FxEnabled":true},"in2DMode":false,"pivot":{"x":-0.4194287359714508,"y":1.2084656953811646,"z":0.7383099794387817},"rotation":{"x":-0.1337987333536148,"y":0.23889194428920747,"z":-0.03325335681438446,"w":-0.9612093567848206},"size":1.6447075605392457,"orthographic":false}